"0","library(tidyverse)"
"0","summarize.poisson.observations <- function(lambda, observations) {"
"0","  results <- results <- 1:observations %>%"
"0","    map_int(function(x)"
"0","      as.integer("
"0","        count("
"0","          filter(data.frame(x = sample(2 * lambda, size=4*lambda, replace=TRUE), y = sample(2 * lambda, size=4*lambda, replace=TRUE)),"
"0","                 x <= lambda,"
"0","                 y <= lambda)"
"0","        )"
"0","      )"
"0","    )"
"0","  return(results)"
"0","}"
