{"chunk_definitions":[{"chunk_id":"c3p7kgompp1xt","expansion_state":0,"options":[],"row":50,"row_count":1,"visible":true},{"chunk_id":"cdgqh7itf0wlb","expansion_state":0,"options":[],"row":64,"row_count":1,"visible":true},{"chunk_id":"ca7yl0qtcxcix","expansion_state":0,"options":[],"row":75,"row_count":1,"visible":true},{"chunk_id":"cenddl8magh35","expansion_state":0,"options":[],"row":83,"row_count":1,"visible":true},{"chunk_id":"c9kl492a7bduq","expansion_state":0,"options":[],"row":89,"row_count":1,"visible":true},{"chunk_id":"cvdk2bsr8abg3","expansion_state":0,"options":[],"row":97,"row_count":1,"visible":true},{"chunk_id":"cidy0yyzdb31e","expansion_state":0,"options":[],"row":103,"row_count":1,"visible":true},{"chunk_id":"c8ahaevc72zvc","expansion_state":0,"options":[],"row":111,"row_count":1,"visible":true},{"chunk_id":"c5ut69mbbyg2d","expansion_state":0,"options":[],"row":126,"row_count":1,"visible":true},{"chunk_id":"c50mt8wfjgiuh","expansion_state":0,"options":[],"row":135,"row_count":1,"visible":true},{"chunk_id":"c2ebe7yukniuz","expansion_state":0,"options":[],"row":145,"row_count":1,"visible":true}],"chunk_rendered_width":670,"doc_write_time":1522697415.225720}