{"chunk_definitions":[{"chunk_id":"czh34xhx7hwcr","chunk_label":"unnamed-chunk-1","document_id":null,"expansion_state":0,"options":{"engine":"r","label":"unnamed-chunk-1"},"row":50,"row_count":1,"visible":true},{"chunk_id":"cl6su4l7x7965","chunk_label":"unnamed-chunk-2","document_id":null,"expansion_state":0,"options":{"engine":"r","label":"unnamed-chunk-2"},"row":64,"row_count":1,"visible":true},{"chunk_id":"cu5mg33915eii","chunk_label":"unnamed-chunk-3","document_id":null,"expansion_state":0,"options":{"engine":"r","label":"unnamed-chunk-3"},"row":75,"row_count":1,"visible":true},{"chunk_id":"ccylrn1co8bje","chunk_label":"unnamed-chunk-4","document_id":"DB657BA3","expansion_state":0,"options":{"engine":"r","label":"unnamed-chunk-4"},"row":86,"row_count":1,"visible":true},{"chunk_id":"cvvo7wingquvz","chunk_label":"unnamed-chunk-5","document_id":"DB657BA3","expansion_state":0,"options":{"engine":"r","label":"unnamed-chunk-5"},"row":93,"row_count":1,"visible":true},{"chunk_id":"cg6sxhp9y4t6y","chunk_label":"unnamed-chunk-6","document_id":"DB657BA3","expansion_state":0,"options":{"engine":"r","label":"unnamed-chunk-6"},"row":99,"row_count":1,"visible":true},{"chunk_id":"c2vo3nttn3mqi","chunk_label":"unnamed-chunk-7","document_id":"DB657BA3","expansion_state":0,"options":{"engine":"r","label":"unnamed-chunk-7"},"row":107,"row_count":1,"visible":true},{"chunk_id":"cphhmqle0d86c","chunk_label":"unnamed-chunk-8","document_id":"DB657BA3","expansion_state":0,"options":{"engine":"r","label":"unnamed-chunk-8"},"row":113,"row_count":1,"visible":true},{"chunk_id":"cqp6hnie64php","chunk_label":"unnamed-chunk-9","document_id":"DB657BA3","expansion_state":0,"options":{"engine":"r","label":"unnamed-chunk-9"},"row":121,"row_count":1,"visible":true},{"chunk_id":"c6apbqt62wtmb","chunk_label":"unnamed-chunk-10","document_id":"DB657BA3","expansion_state":0,"options":{"engine":"r","label":"unnamed-chunk-10"},"row":127,"row_count":1,"visible":true},{"chunk_id":"cn8y4r1ikfz1x","chunk_label":"unnamed-chunk-11","document_id":"DB657BA3","expansion_state":0,"options":{"engine":"r","label":"unnamed-chunk-11"},"row":135,"row_count":1,"visible":true},{"chunk_id":"c4k3e96776tgb","chunk_label":"unnamed-chunk-12","document_id":"DB657BA3","expansion_state":0,"options":{"engine":"r","label":"unnamed-chunk-12"},"row":150,"row_count":1,"visible":true},{"chunk_id":"cdhnn5s277vjc","chunk_label":"unnamed-chunk-13","document_id":"DB657BA3","expansion_state":0,"options":{"engine":"r","label":"unnamed-chunk-13"},"row":159,"row_count":1,"visible":true},{"chunk_id":"c7ki8hvzm915m","chunk_label":"unnamed-chunk-14","document_id":"DB657BA3","expansion_state":0,"options":{"engine":"r","label":"unnamed-chunk-14"},"row":169,"row_count":1,"visible":true}],"doc_write_time":1526560560}