{"chunk_definitions":[{"chunk_id":"c0un2mu2kzxog","chunk_label":"unnamed-chunk-1","document_id":"71ACFADA","expansion_state":0,"options":{"engine":"r","label":"unnamed-chunk-1"},"row":50,"row_count":1,"visible":true},{"chunk_id":"cy0ybdmofvfw0","chunk_label":"unnamed-chunk-2","document_id":"71ACFADA","expansion_state":0,"options":{"engine":"r","label":"unnamed-chunk-2"},"row":64,"row_count":1,"visible":true},{"chunk_id":"cf8lsc3a0amye","chunk_label":"unnamed-chunk-3","document_id":"71ACFADA","expansion_state":0,"options":{"engine":"r","label":"unnamed-chunk-3"},"row":75,"row_count":1,"visible":true},{"chunk_id":"cqgrm178s3tlg","chunk_label":"unnamed-chunk-4","document_id":"71ACFADA","expansion_state":0,"options":{"engine":"r","label":"unnamed-chunk-4"},"row":83,"row_count":1,"visible":true},{"chunk_id":"cjgtcjx7a7i2k","chunk_label":"unnamed-chunk-5","document_id":"71ACFADA","expansion_state":0,"options":{"engine":"r","label":"unnamed-chunk-5"},"row":89,"row_count":1,"visible":true},{"chunk_id":"c8lo01f6d5k9f","chunk_label":"unnamed-chunk-6","document_id":"71ACFADA","expansion_state":0,"options":{"engine":"r","label":"unnamed-chunk-6"},"row":97,"row_count":1,"visible":true},{"chunk_id":"cv8qxzu9hiyil","chunk_label":"unnamed-chunk-7","document_id":"71ACFADA","expansion_state":0,"options":{"engine":"r","label":"unnamed-chunk-7"},"row":103,"row_count":1,"visible":true},{"chunk_id":"cjauybzvv8kpg","chunk_label":"unnamed-chunk-8","document_id":"71ACFADA","expansion_state":0,"options":{"engine":"r","label":"unnamed-chunk-8"},"row":111,"row_count":1,"visible":true},{"chunk_id":"cszde8246g3t8","chunk_label":"unnamed-chunk-9","document_id":"71ACFADA","expansion_state":0,"options":{"engine":"r","label":"unnamed-chunk-9"},"row":126,"row_count":1,"visible":true},{"chunk_id":"crq0jgze9dv90","chunk_label":"unnamed-chunk-10","document_id":"71ACFADA","expansion_state":0,"options":{"engine":"r","label":"unnamed-chunk-10"},"row":135,"row_count":1,"visible":true},{"chunk_id":"ctk572x866q8k","chunk_label":"unnamed-chunk-11","document_id":"71ACFADA","expansion_state":0,"options":{"engine":"r","label":"unnamed-chunk-11"},"row":145,"row_count":1,"visible":true}],"doc_write_time":1521218465}