"0","```r
state <- c(\"tas\", \"sa\",  \"qld\", \"nsw\", \"nsw\", \"nt\",  \"wa\",  \"wa\",
             \"qld\", \"vic\", \"nsw\", \"vic\", \"qld\", \"qld\", \"sa\",  \"tas\",
             \"sa\",  \"nt\",  \"wa\",  \"vic\", \"qld\", \"nsw\", \"nsw\", \"wa\",
             \"sa\",  \"act\", \"nsw\", \"vic\", \"vic\", \"act\")
statef <- factor(state)
statef
```"
"1"," [1] tas sa  qld nsw nsw nt  wa  wa  qld vic nsw vic qld qld sa  tas sa  nt  wa  vic qld nsw nsw wa  sa  act nsw vic vic act
Levels: act nsw nt qld sa tas vic wa
"
"0","```r
levels(statef)
```"
"1","[1] \"act\" \"nsw\" \"nt\"  \"qld\" \"sa\"  \"tas\" \"vic\" \"wa\" 
"
