{"chunk_definitions":[{"chunk_id":"cbah5t4abw9yi","chunk_label":"unnamed-chunk-1","document_id":"DD3CB6F2","expansion_state":0,"options":{"engine":"r","label":"unnamed-chunk-1"},"row":37,"row_count":1,"visible":true},{"chunk_id":"c9zp6xri5h5ee","chunk_label":"unnamed-chunk-2","document_id":"DD3CB6F2","expansion_state":0,"options":{"engine":"r","label":"unnamed-chunk-1"},"row":46,"row_count":1,"visible":true},{"chunk_id":"c6y8v11jvuq5k","chunk_label":"unnamed-chunk-3","document_id":"DD3CB6F2","expansion_state":0,"options":{"engine":"r","label":"unnamed-chunk-2"},"row":55,"row_count":1,"visible":true},{"chunk_id":"capavgcmegrh3","chunk_label":"unnamed-chunk-4","document_id":"DD3CB6F2","expansion_state":0,"options":{"engine":"r","label":"unnamed-chunk-3"},"row":66,"row_count":1,"visible":true}],"doc_write_time":1525532207}