{"chunk_definitions":[{"chunk_id":"cj4ti3uqcb6ss","expansion_state":0,"options":[],"row":15,"row_count":1,"visible":true},{"chunk_id":"cclf9qeezcpvh","expansion_state":0,"options":[],"row":20,"row_count":1,"visible":true},{"chunk_id":"cb8ul29e6n1u9","expansion_state":0,"options":[],"row":35,"row_count":1,"visible":true},{"chunk_id":"cgwnzytwmz34l","expansion_state":0,"options":[],"row":43,"row_count":1,"visible":true},{"chunk_id":"cnzl9itsi0q3b","expansion_state":0,"options":[],"row":50,"row_count":1,"visible":true},{"chunk_id":"c4kcqwtu9a80w","expansion_state":0,"options":[],"row":59,"row_count":1,"visible":true},{"chunk_id":"chw647ruffoc8","expansion_state":0,"options":[],"row":66,"row_count":1,"visible":true},{"chunk_id":"cenmjxlx39xcw","expansion_state":0,"options":[],"row":72,"row_count":1,"visible":true},{"chunk_id":"c4bait45yeu1n","expansion_state":0,"options":[],"row":88,"row_count":1,"visible":true},{"chunk_id":"crulnj1o501xm","expansion_state":0,"options":[],"row":95,"row_count":1,"visible":true},{"chunk_id":"c1zsbc9gw1lcy","expansion_state":0,"options":[],"row":102,"row_count":1,"visible":true},{"chunk_id":"cytodqnaarto3","expansion_state":0,"options":[],"row":119,"row_count":1,"visible":true},{"chunk_id":"ce45uyd4vtljp","expansion_state":0,"options":[],"row":129,"row_count":1,"visible":true},{"chunk_id":"c25j8sx06lv0h","expansion_state":0,"options":[],"row":136,"row_count":1,"visible":true},{"chunk_id":"cbjhma4tlfjhy","expansion_state":0,"options":[],"row":141,"row_count":1,"visible":true},{"chunk_id":"cw2n7ll3mwmrz","expansion_state":0,"options":[],"row":156,"row_count":1,"visible":true},{"chunk_id":"cit3przttgwxt","expansion_state":0,"options":[],"row":166,"row_count":1,"visible":true},{"chunk_id":"c9ni2h1pmeb1u","expansion_state":0,"options":[],"row":173,"row_count":1,"visible":true},{"chunk_id":"c41xj9gq6mbwf","expansion_state":0,"options":[],"row":180,"row_count":1,"visible":true},{"chunk_id":"c41vvninscx4r","expansion_state":0,"options":[],"row":189,"row_count":1,"visible":true},{"chunk_id":"cxo97zxshj33j","expansion_state":0,"options":[],"row":194,"row_count":1,"visible":true},{"chunk_id":"cdhj6qsydleou","expansion_state":0,"options":[],"row":206,"row_count":1,"visible":true},{"chunk_id":"cfh8lvweowh42","expansion_state":0,"options":[],"row":212,"row_count":1,"visible":true},{"chunk_id":"ccfjcy9z8qvk8","expansion_state":0,"options":[],"row":218,"row_count":1,"visible":true},{"chunk_id":"c0p778av0cwea","expansion_state":0,"options":[],"row":227,"row_count":1,"visible":true},{"chunk_id":"cn4ki4aggqrux","expansion_state":0,"options":[],"row":236,"row_count":1,"visible":true},{"chunk_id":"cxhwnmjflx23h","expansion_state":0,"options":[],"row":340,"row_count":1,"visible":true},{"chunk_id":"cfrggqzmq8d1n","expansion_state":0,"options":[],"row":347,"row_count":1,"visible":true}],"doc_write_time":1508962677.23502}
