{"chunk_definitions":[{"chunk_id":"c6o1rp4vixi4l","chunk_label":"unnamed-chunk-1","document_id":"CBD33A9E","expansion_state":0,"options":{"engine":"r","label":"unnamed-chunk-1"},"row":39,"row_count":1,"visible":true},{"chunk_id":"cj77gbp8lmwqn","chunk_label":"unnamed-chunk-2","document_id":"CBD33A9E","expansion_state":0,"options":{"engine":"r","label":"unnamed-chunk-2"},"row":63,"row_count":1,"visible":true},{"chunk_id":"c68uxvbmo2elr","chunk_label":"unnamed-chunk-3","document_id":"CBD33A9E","expansion_state":0,"options":{"engine":"r","label":"unnamed-chunk-3"},"row":77,"row_count":1,"visible":true},{"chunk_id":"ck603megij0wz","chunk_label":"unnamed-chunk-4","document_id":"CBD33A9E","expansion_state":0,"options":{"engine":"r","label":"unnamed-chunk-4"},"row":88,"row_count":1,"visible":true},{"chunk_id":"cr8nblevepb8x","chunk_label":"unnamed-chunk-5","document_id":"CBD33A9E","expansion_state":0,"options":{"engine":"r","label":"unnamed-chunk-5"},"row":95,"row_count":1,"visible":true},{"chunk_id":"c4ka3iriw29ka","chunk_label":"unnamed-chunk-6","document_id":"CBD33A9E","expansion_state":0,"options":{"engine":"r","label":"unnamed-chunk-6"},"row":100,"row_count":1,"visible":true},{"chunk_id":"cxx0nnk1sjayn","chunk_label":"unnamed-chunk-7","document_id":"CBD33A9E","expansion_state":0,"options":{"engine":"r","label":"unnamed-chunk-7"},"row":108,"row_count":1,"visible":true},{"chunk_id":"cpcukqzeqi2lv","chunk_label":"unnamed-chunk-8","document_id":"CBD33A9E","expansion_state":0,"options":{"engine":"r","label":"unnamed-chunk-8"},"row":114,"row_count":1,"visible":true},{"chunk_id":"c5slk24r67u72","chunk_label":"unnamed-chunk-9","document_id":"CBD33A9E","expansion_state":0,"options":{"engine":"r","label":"unnamed-chunk-9"},"row":122,"row_count":1,"visible":true},{"chunk_id":"c7zea9baymdyg","chunk_label":"unnamed-chunk-10","document_id":"CBD33A9E","expansion_state":0,"options":{"engine":"r","label":"unnamed-chunk-10"},"row":137,"row_count":1,"visible":true},{"chunk_id":"cugct5umimm9b","chunk_label":"unnamed-chunk-11","document_id":"CBD33A9E","expansion_state":0,"options":{"engine":"r","label":"unnamed-chunk-11"},"row":146,"row_count":1,"visible":true},{"chunk_id":"cws199zokfo0m","chunk_label":"unnamed-chunk-12","document_id":"CBD33A9E","expansion_state":0,"options":{"engine":"r","label":"unnamed-chunk-12"},"row":155,"row_count":1,"visible":true}],"chunk_rendered_width":400,"doc_write_time":1523294450}