{"chunk_definitions":[{"chunk_id":"czh34xhx7hwcr","expansion_state":0,"options":[],"row":50,"row_count":1,"visible":true},{"chunk_id":"cl6su4l7x7965","expansion_state":0,"options":[],"row":64,"row_count":1,"visible":true},{"chunk_id":"cu5mg33915eii","expansion_state":0,"options":[],"row":75,"row_count":1,"visible":true},{"chunk_id":"cbh53nmmweobo","expansion_state":0,"options":[],"row":83,"row_count":1,"visible":true},{"chunk_id":"cvslhxe4x63vm","expansion_state":0,"options":[],"row":89,"row_count":1,"visible":true},{"chunk_id":"c0noikkhf55jp","expansion_state":0,"options":[],"row":97,"row_count":1,"visible":true},{"chunk_id":"cq8rwu8fkban0","expansion_state":0,"options":[],"row":103,"row_count":1,"visible":true},{"chunk_id":"cb4igd4kw31ai","expansion_state":0,"options":[],"row":111,"row_count":1,"visible":true},{"chunk_id":"cmtvak7r10nlh","expansion_state":0,"options":[],"row":126,"row_count":1,"visible":true},{"chunk_id":"c14x5wjnwtyot","expansion_state":0,"options":[],"row":135,"row_count":1,"visible":true},{"chunk_id":"cquzaae57fzy5","expansion_state":0,"options":[],"row":145,"row_count":1,"visible":true}],"doc_write_time":1522853336.16982}
