{"chunk_definitions":[{"chunk_id":"cera2cchbdyl0","chunk_label":"unnamed-chunk-1","document_id":"950B9464","expansion_state":0,"options":{"engine":"r","label":"unnamed-chunk-1"},"row":27,"row_count":1,"visible":true},{"chunk_id":"cvpdicre6akiw","chunk_label":"unnamed-chunk-2","document_id":"950B9464","expansion_state":0,"options":{"engine":"r","label":"unnamed-chunk-4"},"row":37,"row_count":1,"visible":true},{"chunk_id":"c8hi9qmb69gz8","chunk_label":"unnamed-chunk-3","document_id":"950B9464","expansion_state":0,"options":{"engine":"r","label":"unnamed-chunk-8"},"row":44,"row_count":1,"visible":true},{"chunk_id":"c32vx4zjzelrd","chunk_label":"unnamed-chunk-4","document_id":"950B9464","expansion_state":0,"options":{"engine":"r","label":"unnamed-chunk-7"},"row":52,"row_count":1,"visible":true},{"chunk_id":"cgvw3d7hm0fuo","chunk_label":"unnamed-chunk-5","document_id":"950B9464","expansion_state":0,"options":{"engine":"r","label":"unnamed-chunk-9"},"row":60,"row_count":1,"visible":true},{"chunk_id":"c1zxupdloxto6","chunk_label":"unnamed-chunk-6","document_id":"950B9464","expansion_state":0,"options":{"engine":"r","label":"unnamed-chunk-11"},"row":76,"row_count":1,"visible":true},{"chunk_id":"cn7ysi0xd8ya6","chunk_label":"unnamed-chunk-7","document_id":"950B9464","expansion_state":0,"options":{"engine":"r","label":"unnamed-chunk-1"},"row":85,"row_count":1,"visible":true},{"chunk_id":"cwbnwx06p660t","chunk_label":"unnamed-chunk-8","document_id":"950B9464","expansion_state":0,"options":{"engine":"r","label":"unnamed-chunk-3"},"row":94,"row_count":1,"visible":true}],"chunk_rendered_width":700,"doc_write_time":1525098361}