"0","```r
summary <- summarize.binomial.observations(80, 0.6, 3000)
resulting.df <- data.frame(flips <- summary) # ggplot only works with data frames
names(resulting.df) <- c(\"flips\")
#binPDF <- data.frame(x<-1:80, y<-dbinom(1:80, size=80, prob = 0.6))
#names(binPDF) <- c(\"flips\", \"prob\")
ggplot(resulting.df) + 
  geom_histogram(breaks=seq(1, 80, 2), aes(x=flips, y=..density..), position=\"identity\") + 
  geom_density(aes(x=flips, y = ..density..), colour=\"red\") # + geom_line(data=binPDF, aes(flips, prob), colour=\"blue\")
```"
