{"chunk_definitions":[{"chunk_id":"c58g4s5gwo9na","chunk_label":"unnamed-chunk-1","document_id":"A602A284","expansion_state":0,"options":{"engine":"r","label":"unnamed-chunk-1"},"row":15,"row_count":1,"visible":true},{"chunk_id":"cft12yfpnlhi3","chunk_label":"unnamed-chunk-2","document_id":"A602A284","expansion_state":0,"options":{"engine":"r","label":"unnamed-chunk-2"},"row":20,"row_count":1,"visible":true},{"chunk_id":"cfxrg5mwvnwqr","chunk_label":"unnamed-chunk-3","document_id":"A602A284","expansion_state":0,"options":{"engine":"r","label":"unnamed-chunk-3"},"row":35,"row_count":1,"visible":true},{"chunk_id":"cs9w1ozrtnnsp","chunk_label":"unnamed-chunk-4","document_id":"A602A284","expansion_state":0,"options":{"engine":"r","label":"unnamed-chunk-4"},"row":43,"row_count":1,"visible":true},{"chunk_id":"cqxuvu0kdpjtn","chunk_label":"unnamed-chunk-5","document_id":"A602A284","expansion_state":0,"options":{"engine":"r","label":"unnamed-chunk-5"},"row":50,"row_count":1,"visible":true},{"chunk_id":"cs2gmtjvxt9kt","chunk_label":"unnamed-chunk-6","document_id":"A602A284","expansion_state":0,"options":{"engine":"r","label":"unnamed-chunk-6"},"row":59,"row_count":1,"visible":true},{"chunk_id":"cu1mhqdxjgn45","chunk_label":"unnamed-chunk-7","document_id":"A602A284","expansion_state":0,"options":{"engine":"r","label":"unnamed-chunk-7"},"row":66,"row_count":1,"visible":true},{"chunk_id":"cdgi4emltpswq","chunk_label":"unnamed-chunk-8","document_id":"A602A284","expansion_state":0,"options":{"engine":"r","label":"unnamed-chunk-8"},"row":72,"row_count":1,"visible":true},{"chunk_id":"cd63sv4gi7k3p","chunk_label":"unnamed-chunk-9","document_id":"A602A284","expansion_state":0,"options":{"engine":"r","label":"unnamed-chunk-9"},"row":88,"row_count":1,"visible":true},{"chunk_id":"coyhdt4si8xrb","chunk_label":"unnamed-chunk-10","document_id":"A602A284","expansion_state":0,"options":{"engine":"r","label":"unnamed-chunk-10"},"row":95,"row_count":1,"visible":true},{"chunk_id":"cdvi19pganfm8","chunk_label":"unnamed-chunk-11","document_id":"A602A284","expansion_state":0,"options":{"engine":"r","label":"unnamed-chunk-11"},"row":102,"row_count":1,"visible":true},{"chunk_id":"cw2p1v02gijpp","chunk_label":"unnamed-chunk-12","document_id":"A602A284","expansion_state":0,"options":{"engine":"r","label":"unnamed-chunk-12"},"row":119,"row_count":1,"visible":true},{"chunk_id":"c5j1zvybmjlsy","chunk_label":"unnamed-chunk-13","document_id":"A602A284","expansion_state":0,"options":{"engine":"r","label":"unnamed-chunk-13"},"row":129,"row_count":1,"visible":true},{"chunk_id":"cq44nqsu44aa8","chunk_label":"unnamed-chunk-14","document_id":"A602A284","expansion_state":0,"options":{"engine":"r","label":"unnamed-chunk-14"},"row":136,"row_count":1,"visible":true},{"chunk_id":"clemb6x5rvucx","chunk_label":"unnamed-chunk-15","document_id":"A602A284","expansion_state":0,"options":{"engine":"r","label":"unnamed-chunk-15"},"row":141,"row_count":1,"visible":true},{"chunk_id":"cvs22ano90kbu","chunk_label":"unnamed-chunk-16","document_id":"A602A284","expansion_state":0,"options":{"engine":"r","label":"unnamed-chunk-16"},"row":156,"row_count":1,"visible":true},{"chunk_id":"cakzh7y7zl0fj","chunk_label":"unnamed-chunk-17","document_id":"A602A284","expansion_state":0,"options":{"engine":"r","label":"unnamed-chunk-17"},"row":166,"row_count":1,"visible":true},{"chunk_id":"chccv94a4llnq","chunk_label":"unnamed-chunk-18","document_id":"A602A284","expansion_state":0,"options":{"engine":"r","label":"unnamed-chunk-18"},"row":173,"row_count":1,"visible":true},{"chunk_id":"cdi40y4oed2y9","chunk_label":"unnamed-chunk-19","document_id":"A602A284","expansion_state":0,"options":{"engine":"r","label":"unnamed-chunk-19"},"row":180,"row_count":1,"visible":true},{"chunk_id":"cf3g0xsu6ij42","chunk_label":"unnamed-chunk-20","document_id":"A602A284","expansion_state":0,"options":{"engine":"r","label":"unnamed-chunk-20"},"row":189,"row_count":1,"visible":true},{"chunk_id":"c96wkip0i2efu","chunk_label":"unnamed-chunk-21","document_id":"A602A284","expansion_state":0,"options":{"engine":"r","label":"unnamed-chunk-21"},"row":194,"row_count":1,"visible":true},{"chunk_id":"cgtjq53y17wvd","chunk_label":"unnamed-chunk-22","document_id":"A602A284","expansion_state":0,"options":{"engine":"r","label":"unnamed-chunk-22"},"row":206,"row_count":1,"visible":true},{"chunk_id":"c92l2l0s065tg","chunk_label":"unnamed-chunk-23","document_id":"A602A284","expansion_state":0,"options":{"engine":"r","label":"unnamed-chunk-23"},"row":212,"row_count":1,"visible":true},{"chunk_id":"c95sn691n5tiy","chunk_label":"unnamed-chunk-24","document_id":"A602A284","expansion_state":0,"options":{"engine":"r","label":"unnamed-chunk-24"},"row":218,"row_count":1,"visible":true},{"chunk_id":"cubajfuab5wup","chunk_label":"unnamed-chunk-25","document_id":"A602A284","expansion_state":0,"options":{"engine":"r","label":"unnamed-chunk-25"},"row":227,"row_count":1,"visible":true},{"chunk_id":"cnn3r4ow5p65w","chunk_label":"unnamed-chunk-26","document_id":"A602A284","expansion_state":0,"options":{"engine":"r","label":"unnamed-chunk-26"},"row":236,"row_count":1,"visible":true},{"chunk_id":"c10q4be3nwvlj","chunk_label":"unnamed-chunk-27","document_id":"A602A284","expansion_state":0,"options":{"engine":"r","label":"unnamed-chunk-1"},"row":340,"row_count":1,"visible":true},{"chunk_id":"ct9gs4ij3wqml","chunk_label":"unnamed-chunk-28","document_id":"A602A284","expansion_state":0,"options":{"engine":"r","label":"unnamed-chunk-1"},"row":347,"row_count":1,"visible":true}],"doc_write_time":1508258732}