"0","summary <- summarize.poisson.observations(100, 450)"
"0","resulting.df <- data.frame(o <- summary) # ggplot only works with data frames"
"0","names(resulting.df) <- c(""o"")"
"0","#binPDF <- data.frame(x<-1:80, y<-dbinom(1:80, size=80, prob = 0.6))"
"0","#names(binPDF) <- c(""flips"", ""prob"")"
"0","ggplot(resulting.df) + "
"0","  geom_histogram(breaks=seq(70, 120, 2), aes(x=o, y=..density..), position=""identity"") + "
"0","  geom_density(aes(x=o, y = ..density..), colour=""red"") # + geom_line(data=binPDF, aes(flips, prob), colour=""blue"")"
