"0","library(tidyverse)"
"2","Loading tidyverse: ggplot2
Loading tidyverse: tibble
Loading tidyverse: tidyr
Loading tidyverse: readr
Loading tidyverse: purrr
Loading tidyverse: dplyr
"
"2","Conflicts with tidy packages -----------------------------------------------------------------------------------------------------------------------
"
"2","filter(): dplyr, stats
lag():    dplyr, stats
"
"2","Warning messages:
"
"2","1: "
"2","In scan(file = file, what = what, sep = sep, quote = quote, dec = dec,  :"
"2","
 "
"2"," EOF within quoted string
"
"2","2: "
"2","In scan(file = file, what = what, sep = sep, quote = quote, dec = dec,  :"
"2","
 "
"2"," EOF within quoted string
"
"0","summarize.binomial.observations <- function(trials, theta, observations) {"
"0","  sample.space <- c(1,0)"
"0","  results <- 1:observations %>%"
"0","  map_int(function(x)"
"0","    as.integer("
"0","      sum("
"0","        sample(sample.space, size = trials, replace = TRUE, prob = c(theta, 1 - theta))"
"0","      )"
"0","    )"
"0","  )"
"0","  return(results)"
"0","}"
